Lukas;lukas@admin.com;Admin007;Administrateur
Mario64;mario64@user.com;MarioN64;Membre
Mister Bean;mister@bean.com;MrBean123;Membre
Johnny English;johnny@english.com;JEnglish123;Membre
David Goodenough;david@goodenough.com;David123;Membre
JM Codage;jean.michel@codage.com;JMCode123;Membre
Vigibello;vgibello@admin.com;React123;Modérateur
Mika;mika@admin.com;Kaamelot123;Modérateur
Joeystar;joey@star.com;Joestar123;Membre